Workbook

Sheet Registro
A1: ID | B1: Data | C1: Album | D1: Artista | E1: Ano lançamento | F1: Década | G1: Gênero | H1: Subgênero | I1: País | J1: Formato | K1: Plataforma/Mídia | L1: Tipo de audição | M1: Faixas ouvidas | N1: Duração min | O1: Nota 0-10 | P1: Humor | Q1: Local | R1: Companhia | S1: Favorito? | T1: Reouvir? | U1: Mês | V1: Ano audição | W1: Semana | X1: Observações
F13: =IF(E13="","",INT(E13/10)*10&"s") | U13: =IF(B13="","",TEXT(B13,"yyyy-mm")) | V13: =IF(B13="","",YEAR(B13)) | W13: =IF(B13="","",WEEKNUM(B13,2))
F14: =IF(E14="","",INT(E14/10)*10&"s") | U14: =IF(B14="","",TEXT(B14,"yyyy-mm")) | V14: =IF(B14="","",YEAR(B14)) | W14: =IF(B14="","",WEEKNUM(B14,2))
F15: =IF(E15="","",INT(E15/10)*10&"s") | U15: =IF(B15="","",TEXT(B15,"yyyy-mm")) | V15: =IF(B15="","",YEAR(B15)) | W15: =IF(B15="","",WEEKNUM(B15,2))
F16: =IF(E16="","",INT(E16/10)*10&"s") | U16: =IF(B16="","",TEXT(B16,"yyyy-mm")) | V16: =IF(B16="","",YEAR(B16)) | W16: =IF(B16="","",WEEKNUM(B16,2))
F17: =IF(E17="","",INT(E17/10)*10&"s") | U17: =IF(B17="","",TEXT(B17,"yyyy-mm")) | V17: =IF(B17="","",YEAR(B17)) | W17: =IF(B17="","",WEEKNUM(B17,2))
F18: =IF(E18="","",INT(E18/10)*10&"s") | U18: =IF(B18="","",TEXT(B18,"yyyy-mm")) | V18: =IF(B18="","",YEAR(B18)) | W18: =IF(B18="","",WEEKNUM(B18,2))
F19: =IF(E19="","",INT(E19/10)*10&"s") | U19: =IF(B19="","",TEXT(B19,"yyyy-mm")) | V19: =IF(B19="","",YEAR(B19)) | W19: =IF(B19="","",WEEKNUM(B19,2))
F20: =IF(E20="","",INT(E20/10)*10&"s") | U20: =IF(B20="","",TEXT(B20,"yyyy-mm")) | V20: =IF(B20="","",YEAR(B20)) | W20: =IF(B20="","",WEEKNUM(B20,2))
F21: =IF(E21="","",INT(E21/10)*10&"s") | U21: =IF(B21="","",TEXT(B21,"yyyy-mm")) | V21: =IF(B21="","",YEAR(B21)) | W21: =IF(B21="","",WEEKNUM(B21,2))
F22: =IF(E22="","",INT(E22/10)*10&"s") | U22: =IF(B22="","",TEXT(B22,"yyyy-mm")) | V22: =IF(B22="","",YEAR(B22)) | W22: =IF(B22="","",WEEKNUM(B22,2))
F23: =IF(E23="","",INT(E23/10)*10&"s") | U23: =IF(B23="","",TEXT(B23,"yyyy-mm")) | V23: =IF(B23="","",YEAR(B23)) | W23: =IF(B23="","",WEEKNUM(B23,2))
F24: =IF(E24="","",INT(E24/10)*10&"s") | U24: =IF(B24="","",TEXT(B24,"yyyy-mm")) | V24: =IF(B24="","",YEAR(B24)) | W24: =IF(B24="","",WEEKNUM(B24,2))
... F300: =IF(E300="","",INT(E300/10)*10&"s") | U300: =IF(B300="","",TEXT(B300,"yyyy-mm")) | V300: =IF(B300="","",YEAR(B300)) | W300: =IF(B300="","",WEEKNUM(B300,2))

Sheet Catálogo
A1: Album | B1: Artista | C1: Ano lançamento | D1: Década | E1: Gênero principal | F1: Subgênero | G1: País | H1: Gravadora | I1: Faixas | J1: Duração min | K1: Tenho físico? | L1: Formato físico | M1: Status coleção | N1: Observações
A2: The Dark Side of the Moon | B2: Pink Floyd | C2: 1973 | D2: =INT(C2/10)*10&"s" -> 1970s | E2: Rock | F2: Progressivo | G2: Reino Unido | H2: Harvest | I2: 10 | J2: 43 | K2: Sim | L2: Vinil | M2: Tenho | N2: Exemplo editável
D7: =IF(C7="","",INT(C7/10)*10&"s")
D8: =IF(C8="","",INT(C8/10)*10&"s")
D9: =IF(C9="","",INT(C9/10)*10&"s")
D10: =IF(C10="","",INT(C10/10)*10&"s")
D11: =IF(C11="","",INT(C11/10)*10&"s")
D12: =IF(C12="","",INT(C12/10)*10&"s")
D13: =IF(C13="","",INT(C13/10)*10&"s")
D14: =IF(C14="","",INT(C14/10)*10&"s")
D15: =IF(C15="","",INT(C15/10)*10&"s")
D16: =IF(C16="","",INT(C16/10)*10&"s")
D17: =IF(C17="","",INT(C17/10)*10&"s")
D18: =IF(C18="","",INT(C18/10)*10&"s")
... D300: =IF(C300="","",INT(C300/10)*10&"s")

Sheet Listas
A1: Gêneros | B1: Formatos | C1: Plataformas | D1: Tipo de audição | E1: Humor | F1: Local | G1: Companhia | H1: Sim/Não
A2: Rock | B2: Vinil | C2: Toca-discos | D2: Primeira vez | E2: Animado | F2: Casa | G2: Sozinho | H2: Sim
A3: Pop | B3: CD | C3: Spotify | D3: Reouvida | E3: Calmo | F3: Trabalho | G3: Amigos | H3: Não
A4: MPB | B4: Digital | C4: Apple Music | D4: Audição focada | E4: Nostálgico | F4: Carro | G4: Família
A5: Jazz | B5: Cassete | C5: YouTube Music | D5: Background | E5: Triste | F5: Rua | G5: Parceiro(a)
A6: Blues | B6: Streaming | C6: YouTube | D6: Descoberta | E6: Empolgado | F6: Viagem | G6: Banda
A7: Soul | B7: Arquivo | C7: Deezer | D7: Coleção física | E7: Reflexivo | F7: Estúdio
A8: Funk | B8: Rádio | C8: Bandcamp | D8: Recomendação | E8: Relaxado | F8: Academia
A9: Disco | B9: Outro | C9: Outro | D9: Estudo | E9: Cansado | F9: Outro
A10: Reggae | E10: Feliz
A11: Hip Hop
A12: Metal
A13: Punk
A14: Folk
A15: Eletrônica
A16: Clássica
A17: Trilha Sonora
A18: Indie
A19: Samba
A20: Bossa Nova
A21: Outro

Sheet Resumos
A1: Resumo por Artista | F1: Resumo por Gênero | K1: Resumo por formato
A2: Artista | B2: Qtd audições | C2: Horas | D2: Nota média | F2: Gênero | G2: Qtd audições | H2: Horas | I2: Nota média | K2: Formato | L2: Qtd audições | M2: Horas | N2: Nota média
A3: Pink Floyd | B3: =COUNTIF(Registro!$D:$D,A3) -> 0 | C3: =SUMIF(Registro!$D:$D,A3,Registro!$N:$N)/60 -> 0 | D3: =IFERROR(AVERAGEIF(Registro!$D:$D,A3,Registro!$O:$O),0) -> 0 | F3: Rock | G3: =COUNTIF(Registro!$G:$G,F3) -> 0 | H3: =SUMIF(Registro!$G:$G,F3,Registro!$N:$N)/60 -> 0 | I3: =IFERROR(AVERAGEIF(Registro!$G:$G,F3,Registro!$O:$O),0) -> 0 | K3: Vinil | L3: =COUNTIF(Registro!$J:$J,K3) -> 0 | M3: =SUMIF(Registro!$J:$J,K3,Registro!$N:$N)/60 -> 0 | N3: =IFERROR(AVERAGEIF(Registro!$J:$J,K3,Registro!$O:$O),0) -> 0
A4: Milton Nascimento & Lô Borges | B4: =COUNTIF(Registro!$D:$D,A4) -> 0 | C4: =SUMIF(Registro!$D:$D,A4,Registro!$N:$N)/60 -> 0 | D4: =IFERROR(AVERAGEIF(Registro!$D:$D,A4,Registro!$O:$O),0) -> 0 | F4: MPB | G4: =COUNTIF(Registro!$G:$G,F4) -> 0 | H4: =SUMIF(Registro!$G:$G,F4,Registro!$N:$N)/60 -> 0 | I4: =IFERROR(AVERAGEIF(Registro!$G:$G,F4,Registro!$O:$O),0) -> 0 | K4: CD | L4: =COUNTIF(Registro!$J:$J,K4) -> 0 | M4: =SUMIF(Registro!$J:$J,K4,Registro!$N:$N)/60 -> 0 | N4: =IFERROR(AVERAGEIF(Registro!$J:$J,K4,Registro!$O:$O),0) -> 0
A5: Miles Davis | B5: =COUNTIF(Registro!$D:$D,A5) -> 0 | C5: =SUMIF(Registro!$D:$D,A5,Registro!$N:$N)/60 -> 0 | D5: =IFERROR(AVERAGEIF(Registro!$D:$D,A5,Registro!$O:$O),0) -> 0 | F5: Jazz | G5: =COUNTIF(Registro!$G:$G,F5) -> 0 | H5: =SUMIF(Registro!$G:$G,F5,Registro!$N:$N)/60 -> 0 | I5: =IFERROR(AVERAGEIF(Registro!$G:$G,F5,Registro!$O:$O),0) -> 0 | K5: Digital | L5: =COUNTIF(Registro!$J:$J,K5) -> 0 | M5: =SUMIF(Registro!$J:$J,K5,Registro!$N:$N)/60 -> 0 | N5: =IFERROR(AVERAGEIF(Registro!$J:$J,K5,Registro!$O:$O),0) -> 0
A6: Stevie Wonder | B6: =COUNTIF(Registro!$D:$D,A6) -> 0 | C6: =SUMIF(Registro!$D:$D,A6,Registro!$N:$N)/60 -> 0 | D6: =IFERROR(AVERAGEIF(Registro!$D:$D,A6,Registro!$O:$O),0) -> 0 | F6: Soul | G6: =COUNTIF(Registro!$G:$G,F6) -> 0 | H6: =SUMIF(Registro!$G:$G,F6,Registro!$N:$N)/60 -> 0 | I6: =IFERROR(AVERAGEIF(Registro!$G:$G,F6,Registro!$O:$O),0) -> 0 | K6: Cassete | L6: =COUNTIF(Registro!$J:$J,K6) -> 0 | M6: =SUMIF(Registro!$J:$J,K6,Registro!$N:$N)/60 -> 0 | N6: =IFERROR(AVERAGEIF(Registro!$J:$J,K6,Registro!$O:$O),0) -> 0
A7: Caetano Veloso | B7: =COUNTIF(Registro!$D:$D,A7) -> 0 | C7: =SUMIF(Registro!$D:$D,A7,Registro!$N:$N)/60 -> 0 | D7: =IFERROR(AVERAGEIF(Registro!$D:$D,A7,Registro!$O:$O),0) -> 0 | F7: Pop | G7: =COUNTIF(Registro!$G:$G,F7) -> 0 | H7: =SUMIF(Registro!$G:$G,F7,Registro!$N:$N)/60 -> 0 | I7: =IFERROR(AVERAGEIF(Registro!$G:$G,F7,Registro!$O:$O),0) -> 0 | K7: Streaming | L7: =COUNTIF(Registro!$J:$J,K7) -> 0 | M7: =SUMIF(Registro!$J:$J,K7,Registro!$N:$N)/60 -> 0 | N7: =IFERROR(AVERAGEIF(Registro!$J:$J,K7,Registro!$O:$O),0) -> 0
A8: Talking Heads | B8: =COUNTIF(Registro!$D:$D,A8) -> 0 | C8: =SUMIF(Registro!$D:$D,A8,Registro!$N:$N)/60 -> 0 | D8: =IFERROR(AVERAGEIF(Registro!$D:$D,A8,Registro!$O:$O),0) -> 0 | F8: Punk | G8: =COUNTIF(Registro!$G:$G,F8) -> 0 | H8: =SUMIF(Registro!$G:$G,F8,Registro!$N:$N)/60 -> 0 | I8: =IFERROR(AVERAGEIF(Registro!$G:$G,F8,Registro!$O:$O),0) -> 0 | K8: Arquivo | L8: =COUNTIF(Registro!$J:$J,K8) -> 0 | M8: =SUMIF(Registro!$J:$J,K8,Registro!$N:$N)/60 -> 0 | N8: =IFERROR(AVERAGEIF(Registro!$J:$J,K8,Registro!$O:$O),0) -> 0
A9: Michael Jackson | B9: =COUNTIF(Registro!$D:$D,A9) -> 0 | C9: =SUMIF(Registro!$D:$D,A9,Registro!$N:$N)/60 -> 0 | D9: =IFERROR(AVERAGEIF(Registro!$D:$D,A9,Registro!$O:$O),0) -> 0 | F9: Folk | G9: =COUNTIF(Registro!$G:$G,F9) -> 0 | H9: =SUMIF(Registro!$G:$G,F9,Registro!$N:$N)/60 -> 0 | I9: =IFERROR(AVERAGEIF(Registro!$G:$G,F9,Registro!$O:$O),0) -> 0 | K9: Rádio | L9: =COUNTIF(Registro!$J:$J,K9) -> 0 | M9: =SUMIF(Registro!$J:$J,K9,Registro!$N:$N)/60 -> 0 | N9: =IFERROR(AVERAGEIF(Registro!$J:$J,K9,Registro!$O:$O),0) -> 0
A10: The Clash | B10: =COUNTIF(Registro!$D:$D,A10) -> 0 | C10: =SUMIF(Registro!$D:$D,A10,Registro!$N:$N)/60 -> 0 | D10: =IFERROR(AVERAGEIF(Registro!$D:$D,A10,Registro!$O:$O),0) -> 0 | F10: Blues | G10: =COUNTIF(Registro!$G:$G,F10) -> 0 | H10: =SUMIF(Registro!$G:$G,F10,Registro!$N:$N)/60 -> 0 | I10: =IFERROR(AVERAGEIF(Registro!$G:$G,F10,Registro!$O:$O),0) -> 0 | K10: Outro | L10: =COUNTIF(Registro!$J:$J,K10) -> 0 | M10: =SUMIF(Registro!$J:$J,K10,Registro!$N:$N)/60 -> 0 | N10: =IFERROR(AVERAGEIF(Registro!$J:$J,K10,Registro!$O:$O),0) -> 0
A11: Joni Mitchell | B11: =COUNTIF(Registro!$D:$D,A11) -> 0 | C11: =SUMIF(Registro!$D:$D,A11,Registro!$N:$N)/60 -> 0 | D11: =IFERROR(AVERAGEIF(Registro!$D:$D,A11,Registro!$O:$O),0) -> 0 | F11: Funk | G11: =COUNTIF(Registro!$G:$G,F11) -> 0 | H11: =SUMIF(Registro!$G:$G,F11,Registro!$N:$N)/60 -> 0 | I11: =IFERROR(AVERAGEIF(Registro!$G:$G,F11,Registro!$O:$O),0) -> 0
A12: Jorge Ben Jor | B12: =COUNTIF(Registro!$D:$D,A12) -> 0 | C12: =SUMIF(Registro!$D:$D,A12,Registro!$N:$N)/60 -> 0 | D12: =IFERROR(AVERAGEIF(Registro!$D:$D,A12,Registro!$O:$O),0) -> 0 | F12: Disco | G12: =COUNTIF(Registro!$G:$G,F12) -> 0 | H12: =SUMIF(Registro!$G:$G,F12,Registro!$N:$N)/60 -> 0 | I12: =IFERROR(AVERAGEIF(Registro!$G:$G,F12,Registro!$O:$O),0) -> 0
B13: =COUNTIF(Registro!$D:$D,A13) -> 0 | C13: =SUMIF(Registro!$D:$D,A13,Registro!$N:$N)/60 -> 0 | D13: =IFERROR(AVERAGEIF(Registro!$D:$D,A13,Registro!$O:$O),0) -> 0 | F13: Hip Hop | G13: =COUNTIF(Registro!$G:$G,F13) -> 0 | H13: =SUMIF(Registro!$G:$G,F13,Registro!$N:$N)/60 -> 0 | I13: =IFERROR(AVERAGEIF(Registro!$G:$G,F13,Registro!$O:$O),0) -> 0
B14: =COUNTIF(Registro!$D:$D,A14) -> 0 | C14: =SUMIF(Registro!$D:$D,A14,Registro!$N:$N)/60 -> 0 | D14: =IFERROR(AVERAGEIF(Registro!$D:$D,A14,Registro!$O:$O),0) -> 0 | F14: Metal | G14: =COUNTIF(Registro!$G:$G,F14) -> 0 | H14: =SUMIF(Registro!$G:$G,F14,Registro!$N:$N)/60 -> 0 | I14: =IFERROR(AVERAGEIF(Registro!$G:$G,F14,Registro!$O:$O),0) -> 0
B15: =COUNTIF(Registro!$D:$D,A15) -> 0 | C15: =SUMIF(Registro!$D:$D,A15,Registro!$N:$N)/60 -> 0 | D15: =IFERROR(AVERAGEIF(Registro!$D:$D,A15,Registro!$O:$O),0) -> 0
B16: =COUNTIF(Registro!$D:$D,A16) -> 0 | C16: =SUMIF(Registro!$D:$D,A16,Registro!$N:$N)/60 -> 0 | D16: =IFERROR(AVERAGEIF(Registro!$D:$D,A16,Registro!$O:$O),0) -> 0
B17: =COUNTIF(Registro!$D:$D,A17) -> 0 | C17: =SUMIF(Registro!$D:$D,A17,Registro!$N:$N)/60 -> 0 | D17: =IFERROR(AVERAGEIF(Registro!$D:$D,A17,Registro!$O:$O),0) -> 0
A20: Resumo por Década | F20: Resumo mensal | K20: Top álbuns por nota
A21: Década | B21: Qtd audições | C21: Horas | D21: Nota média | F21: Mês | G21: Qtd audições | H21: Horas | I21: Nota média | K21: Album | L21: Artista | M21: Nota | N21: Data
A22: 1950s | B22: =COUNTIF(Registro!$F:$F,A22) -> 0 | C22: =SUMIF(Registro!$F:$F,A22,Registro!$N:$N)/60 -> 0 | D22: =IFERROR(AVERAGEIF(Registro!$F:$F,A22,Registro!$O:$O),0) -> 0 | F22: 2026-01 | G22: =COUNTIF(Registro!$U:$U,F22) -> 0 | H22: =SUMIF(Registro!$U:$U,F22,Registro!$N:$N)/60 -> 0 | I22: =IFERROR(AVERAGEIF(Registro!$U:$U,F22,Registro!$O:$O),0) -> 0 | K22: =IFERROR(INDEX(Registro!$C$2:$C$300,MATCH(LARGE(Registro!$O$2:$O$300,1),Registro!$O$2:$O$300,0)),"") | L22: =IFERROR(INDEX(Registro!$D$2:$D$300,MATCH(LARGE(Registro!$O$2:$O$300,1),Registro!$O$2:$O$300,0)),"") | M22: =IFERROR(LARGE(Registro!$O$2:$O$300,1),"") | N22: =IFERROR(INDEX(Registro!$B$2:$B$300,MATCH(LARGE(Registro!$O$2:$O$300,1),Registro!$O$2:$O$300,0)),"")
A23: 1960s | B23: =COUNTIF(Registro!$F:$F,A23) -> 0 | C23: =SUMIF(Registro!$F:$F,A23,Registro!$N:$N)/60 -> 0 | D23: =IFERROR(AVERAGEIF(Registro!$F:$F,A23,Registro!$O:$O),0) -> 0 | F23: 2026-02 | G23: =COUNTIF(Registro!$U:$U,F23) -> 0 | H23: =SUMIF(Registro!$U:$U,F23,Registro!$N:$N)/60 -> 0 | I23: =IFERROR(AVERAGEIF(Registro!$U:$U,F23,Registro!$O:$O),0) -> 0 | K23: =IFERROR(INDEX(Registro!$C$2:$C$300,MATCH(LARGE(Registro!$O$2:$O$300,2),Registro!$O$2:$O$300,0)),"") | L23: =IFERROR(INDEX(Registro!$D$2:$D$300,MATCH(LARGE(Registro!$O$2:$O$300,2),Registro!$O$2:$O$300,0)),"") | M23: =IFERROR(LARGE(Registro!$O$2:$O$300,2),"") | N23: =IFERROR(INDEX(Registro!$B$2:$B$300,MATCH(LARGE(Registro!$O$2:$O$300,2),Registro!$O$2:$O$300,0)),"")
A24: 1970s | B24: =COUNTIF(Registro!$F:$F,A24) -> 0 | C24: =SUMIF(Registro!$F:$F,A24,Registro!$N:$N)/60 -> 0 | D24: =IFERROR(AVERAGEIF(Registro!$F:$F,A24,Registro!$O:$O),0) -> 0 | F24: 2026-03 | G24: =COUNTIF(Registro!$U:$U,F24) -> 0 | H24: =SUMIF(Registro!$U:$U,F24,Registro!$N:$N)/60 -> 0 | I24: =IFERROR(AVERAGEIF(Registro!$U:$U,F24,Registro!$O:$O),0) -> 0 | K24: =IFERROR(INDEX(Registro!$C$2:$C$300,MATCH(LARGE(Registro!$O$2:$O$300,3),Registro!$O$2:$O$300,0)),"") | L24: =IFERROR(INDEX(Registro!$D$2:$D$300,MATCH(LARGE(Registro!$O$2:$O$300,3),Registro!$O$2:$O$300,0)),"") | M24: =IFERROR(LARGE(Registro!$O$2:$O$300,3),"") | N24: =IFERROR(INDEX(Registro!$B$2:$B$300,MATCH(LARGE(Registro!$O$2:$O$300,3),Registro!$O$2:$O$300,0)),"")
A25: 1980s | B25: =COUNTIF(Registro!$F:$F,A25) -> 0 | C25: =SUMIF(Registro!$F:$F,A25,Registro!$N:$N)/60 -> 0 | D25: =IFERROR(AVERAGEIF(Registro!$F:$F,A25,Registro!$O:$O),0) -> 0 | F25: 2026-04 | G25: =COUNTIF(Registro!$U:$U,F25) -> 0 | H25: =SUMIF(Registro!$U:$U,F25,Registro!$N:$N)/60 -> 0 | I25: =IFERROR(AVERAGEIF(Registro!$U:$U,F25,Registro!$O:$O),0) -> 0 | K25: =IFERROR(INDEX(Registro!$C$2:$C$300,MATCH(LARGE(Registro!$O$2:$O$300,4),Registro!$O$2:$O$300,0)),"") | L25: =IFERROR(INDEX(Registro!$D$2:$D$300,MATCH(LARGE(Registro!$O$2:$O$300,4),Registro!$O$2:$O$300,0)),"") | M25: =IFERROR(LARGE(Registro!$O$2:$O$300,4),"") | N25: =IFERROR(INDEX(Registro!$B$2:$B$300,MATCH(LARGE(Registro!$O$2:$O$300,4),Registro!$O$2:$O$300,0)),"")
A26: 1990s | B26: =COUNTIF(Registro!$F:$F,A26) -> 0 | C26: =SUMIF(Registro!$F:$F,A26,Registro!$N:$N)/60 -> 0 | D26: =IFERROR(AVERAGEIF(Registro!$F:$F,A26,Registro!$O:$O),0) -> 0 | F26: 2026-05 | G26: =COUNTIF(Registro!$U:$U,F26) -> 0 | H26: =SUMIF(Registro!$U:$U,F26,Registro!$N:$N)/60 -> 0 | I26: =IFERROR(AVERAGEIF(Registro!$U:$U,F26,Registro!$O:$O),0) -> 0 | K26: =IFERROR(INDEX(Registro!$C$2:$C$300,MATCH(LARGE(Registro!$O$2:$O$300,5),Registro!$O$2:$O$300,0)),"") | L26: =IFERROR(INDEX(Registro!$D$2:$D$300,MATCH(LARGE(Registro!$O$2:$O$300,5),Registro!$O$2:$O$300,0)),"") | M26: =IFERROR(LARGE(Registro!$O$2:$O$300,5),"") | N26: =IFERROR(INDEX(Registro!$B$2:$B$300,MATCH(LARGE(Registro!$O$2:$O$300,5),Registro!$O$2:$O$300,0)),"")
A27: 2000s | B27: =COUNTIF(Registro!$F:$F,A27) -> 0 | C27: =SUMIF(Registro!$F:$F,A27,Registro!$N:$N)/60 -> 0 | D27: =IFERROR(AVERAGEIF(Registro!$F:$F,A27,Registro!$O:$O),0) -> 0 | F27: 2026-06 | G27: =COUNTIF(Registro!$U:$U,F27) -> 0 | H27: =SUMIF(Registro!$U:$U,F27,Registro!$N:$N)/60 -> 0 | I27: =IFERROR(AVERAGEIF(Registro!$U:$U,F27,Registro!$O:$O),0) -> 0 | K27: =IFERROR(INDEX(Registro!$C$2:$C$300,MATCH(LARGE(Registro!$O$2:$O$300,6),Registro!$O$2:$O$300,0)),"") | L27: =IFERROR(INDEX(Registro!$D$2:$D$300,MATCH(LARGE(Registro!$O$2:$O$300,6),Registro!$O$2:$O$300,0)),"") | M27: =IFERROR(LARGE(Registro!$O$2:$O$300,6),"") | N27: =IFERROR(INDEX(Registro!$B$2:$B$300,MATCH(LARGE(Registro!$O$2:$O$300,6),Registro!$O$2:$O$300,0)),"")
A28: 2010s | B28: =COUNTIF(Registro!$F:$F,A28) -> 0 | C28: =SUMIF(Registro!$F:$F,A28,Registro!$N:$N)/60 -> 0 | D28: =IFERROR(AVERAGEIF(Registro!$F:$F,A28,Registro!$O:$O),0) -> 0 | F28: 2026-07 | G28: =COUNTIF(Registro!$U:$U,F28) -> 0 | H28: =SUMIF(Registro!$U:$U,F28,Registro!$N:$N)/60 -> 0 | I28: =IFERROR(AVERAGEIF(Registro!$U:$U,F28,Registro!$O:$O),0) -> 0 | K28: =IFERROR(INDEX(Registro!$C$2:$C$300,MATCH(LARGE(Registro!$O$2:$O$300,7),Registro!$O$2:$O$300,0)),"") | L28: =IFERROR(INDEX(Registro!$D$2:$D$300,MATCH(LARGE(Registro!$O$2:$O$300,7),Registro!$O$2:$O$300,0)),"") | M28: =IFERROR(LARGE(Registro!$O$2:$O$300,7),"") | N28: =IFERROR(INDEX(Registro!$B$2:$B$300,MATCH(LARGE(Registro!$O$2:$O$300,7),Registro!$O$2:$O$300,0)),"")
A29: 2020s | B29: =COUNTIF(Registro!$F:$F,A29) -> 0 | C29: =SUMIF(Registro!$F:$F,A29,Registro!$N:$N)/60 -> 0 | D29: =IFERROR(AVERAGEIF(Registro!$F:$F,A29,Registro!$O:$O),0) -> 0 | F29: 2026-08 | G29: =COUNTIF(Registro!$U:$U,F29) -> 0 | H29: =SUMIF(Registro!$U:$U,F29,Registro!$N:$N)/60 -> 0 | I29: =IFERROR(AVERAGEIF(Registro!$U:$U,F29,Registro!$O:$O),0) -> 0 | K29: =IFERROR(INDEX(Registro!$C$2:$C$300,MATCH(LARGE(Registro!$O$2:$O$300,8),Registro!$O$2:$O$300,0)),"") | L29: =IFERROR(INDEX(Registro!$D$2:$D$300,MATCH(LARGE(Registro!$O$2:$O$300,8),Registro!$O$2:$O$300,0)),"") | M29: =IFERROR(LARGE(Registro!$O$2:$O$300,8),"") | N29: =IFERROR(INDEX(Registro!$B$2:$B$300,MATCH(LARGE(Registro!$O$2:$O$300,8),Registro!$O$2:$O$300,0)),"")
F30: 2026-09 | G30: =COUNTIF(Registro!$U:$U,F30) -> 0 | H30: =SUMIF(Registro!$U:$U,F30,Registro!$N:$N)/60 -> 0 | I30: =IFERROR(AVERAGEIF(Registro!$U:$U,F30,Registro!$O:$O),0) -> 0 | K30: =IFERROR(INDEX(Registro!$C$2:$C$300,MATCH(LARGE(Registro!$O$2:$O$300,9),Registro!$O$2:$O$300,0)),"") | L30: =IFERROR(INDEX(Registro!$D$2:$D$300,MATCH(LARGE(Registro!$O$2:$O$300,9),Registro!$O$2:$O$300,0)),"") | M30: =IFERROR(LARGE(Registro!$O$2:$O$300,9),"") | N30: =IFERROR(INDEX(Registro!$B$2:$B$300,MATCH(LARGE(Registro!$O$2:$O$300,9),Registro!$O$2:$O$300,0)),"")
F31: 2026-10 | G31: =COUNTIF(Registro!$U:$U,F31) -> 0 | H31: =SUMIF(Registro!$U:$U,F31,Registro!$N:$N)/60 -> 0 | I31: =IFERROR(AVERAGEIF(Registro!$U:$U,F31,Registro!$O:$O),0) -> 0 | K31: =IFERROR(INDEX(Registro!$C$2:$C$300,MATCH(LARGE(Registro!$O$2:$O$300,10),Registro!$O$2:$O$300,0)),"") | L31: =IFERROR(INDEX(Registro!$D$2:$D$300,MATCH(LARGE(Registro!$O$2:$O$300,10),Registro!$O$2:$O$300,0)),"") | M31: =IFERROR(LARGE(Registro!$O$2:$O$300,10),"") | N31: =IFERROR(INDEX(Registro!$B$2:$B$300,MATCH(LARGE(Registro!$O$2:$O$300,10),Registro!$O$2:$O$300,0)),"")
F32: 2026-11 | G32: =COUNTIF(Registro!$U:$U,F32) -> 0 | H32: =SUMIF(Registro!$U:$U,F32,Registro!$N:$N)/60 -> 0 | I32: =IFERROR(AVERAGEIF(Registro!$U:$U,F32,Registro!$O:$O),0) -> 0
F33: 2026-12 | G33: =COUNTIF(Registro!$U:$U,F33) -> 0 | H33: =SUMIF(Registro!$U:$U,F33,Registro!$N:$N)/60 -> 0 | I33: =IFERROR(AVERAGEIF(Registro!$U:$U,F33,Registro!$O:$O),0) -> 0

Sheet Dashboard
A1: Dashboard de Audições de Discos
A3: Total de audições | B3: Discos únicos | C3: Artistas únicos | D3: Horas ouvidas | E3: Nota média | F3: Favoritos
A4: =COUNTA(Registro!$A$2:$A$300) -> 0 | B4: =SUMPRODUCT((Registro!$C$2:$C$300<>"")/IF(COUNTIF(Registro!$C$2:$C$300,Registro!$C$2:$C$300)=0,1,COUNTIF(Registro!$C$2:$C$300,Registro!$C$2:$C$300))) -> 0 | C4: =SUMPRODUCT((Registro!$D$2:$D$300<>"")/IF(COUNTIF(Registro!$D$2:$D$300,Registro!$D$2:$D$300)=0,1,COUNTIF(Registro!$D$2:$D$300,Registro!$D$2:$D$300))) -> 0 | D4: =SUM(Registro!$N$2:$N$300)/60 -> 0 | E4: =IFERROR(AVERAGE(Registro!$O$2:$O$300),0) -> 0 | F4: =COUNTIF(Registro!$S$2:$S$300,"Sim") -> 0
A42: Top artistas | B42: Audições | C42: Horas | D42: Nota média | F42: Top álbuns por nota | G42: Artista | H42: Nota | I42: Data
A43: =Resumos!A3 -> Pink Floyd | B43: =Resumos!B3 -> 0 | C43: =Resumos!C3 -> 0 | D43: =Resumos!D3 -> 0 | F43: =Resumos!K22 | G43: =Resumos!L22 | H43: =Resumos!M22 | I43: =Resumos!N22
A44: =Resumos!A4 -> Milton Nascimento & Lô Borges | B44: =Resumos!B4 -> 0 | C44: =Resumos!C4 -> 0 | D44: =Resumos!D4 -> 0 | F44: =Resumos!K23 | G44: =Resumos!L23 | H44: =Resumos!M23 | I44: =Resumos!N23
A45: =Resumos!A5 -> Miles Davis | B45: =Resumos!B5 -> 0 | C45: =Resumos!C5 -> 0 | D45: =Resumos!D5 -> 0 | F45: =Resumos!K24 | G45: =Resumos!L24 | H45: =Resumos!M24 | I45: =Resumos!N24
A46: =Resumos!A6 -> Stevie Wonder | B46: =Resumos!B6 -> 0 | C46: =Resumos!C6 -> 0 | D46: =Resumos!D6 -> 0 | F46: =Resumos!K25 | G46: =Resumos!L25 | H46: =Resumos!M25 | I46: =Resumos!N25
A47: =Resumos!A7 -> Caetano Veloso | B47: =Resumos!B7 -> 0 | C47: =Resumos!C7 -> 0 | D47: =Resumos!D7 -> 0 | F47: =Resumos!K26 | G47: =Resumos!L26 | H47: =Resumos!M26 | I47: =Resumos!N26
A48: =Resumos!A8 -> Talking Heads | B48: =Resumos!B8 -> 0 | C48: =Resumos!C8 -> 0 | D48: =Resumos!D8 -> 0 | F48: =Resumos!K27 | G48: =Resumos!L27 | H48: =Resumos!M27 | I48: =Resumos!N27
A49: =Resumos!A9 -> Michael Jackson | B49: =Resumos!B9 -> 0 | C49: =Resumos!C9 -> 0 | D49: =Resumos!D9 -> 0 | F49: =Resumos!K28 | G49: =Resumos!L28 | H49: =Resumos!M28 | I49: =Resumos!N28
A50: =Resumos!A10 -> The Clash | B50: =Resumos!B10 -> 0 | C50: =Resumos!C10 -> 0 | D50: =Resumos!D10 -> 0 | F50: =Resumos!K29 | G50: =Resumos!L29 | H50: =Resumos!M29 | I50: =Resumos!N29
A51: =Resumos!A11 -> Joni Mitchell | B51: =Resumos!B11 -> 0 | C51: =Resumos!C11 -> 0 | D51: =Resumos!D11 -> 0 | F51: =Resumos!K30 | G51: =Resumos!L30 | H51: =Resumos!M30 | I51: =Resumos!N30
A52: =Resumos!A12 -> Jorge Ben Jor | B52: =Resumos!B12 -> 0 | C52: =Resumos!C12 -> 0 | D52: =Resumos!D12 -> 0 | F52: =Resumos!K31 | G52: =Resumos!L31 | H52: =Resumos!M31 | I52: =Resumos!N31
A53: =Resumos!A13 -> 0 | B53: =Resumos!B13 -> 0 | C53: =Resumos!C13 -> 0 | D53: =Resumos!D13 -> 0
A54: =Resumos!A14 -> 0 | B54: =Resumos!B14 -> 0 | C54: =Resumos!C14 -> 0 | D54: =Resumos!D14 -> 0
A55: =Resumos!A15 -> 0 | B55: =Resumos!B15 -> 0 | C55: =Resumos!C15 -> 0 | D55: =Resumos!D15 -> 0
A56: =Resumos!A16 -> 0 | B56: =Resumos!B16 -> 0 | C56: =Resumos!C16 -> 0 | D56: =Resumos!D16 -> 0
A57: =Resumos!A17 -> 0 | B57: =Resumos!B17 -> 0 | C57: =Resumos!C17 -> 0 | D57: =Resumos!D17 -> 0

Sheet Como usar
A1: Como usar a planilha
A2: 1. Registre cada audição na aba Registro. Cada linha representa uma audição de um álbum/disco.
A3: 2. Use as listas suspensas para padronizar gênero, formato, plataforma, humor, local e favorito.
A4: 3. A aba Catálogo serve para controlar sua coleção e dados fixos dos álbuns.
A5: 4. As abas Resumos e Dashboard são atualizadas por fórmulas. Depois de inserir muitos dados, salve/reabra no Excel para recalcular tudo.
A6: 5. Você pode apagar os exemplos das linhas 2 a 11 do Registro e começar com seus próprios discos.
A7: 6. Métricas incluídas: audições por mês, gênero, artista, década, formato, horas ouvidas, nota média, favoritos e top álbuns.
A8: 7. Dica: mantenha nomes de artistas e álbuns sempre escritos do mesmo jeito para melhorar os gráficos.
